[{"model": "shop.product", "pk": 1, "fields": {"name": "Maidstone", "description": "Maidstone - не просто очередной стаут, а прекрасный образчик того, каким должен быть стаут в английском стиле, в меру горьким, с кофейно-шоколадными тонами, не выпирающий, а простой и понятный, но при этом вкусный и насыщенный.", "slug": "maidstone-1", "image": "products/Maidstone.jpeg", "abv": "6.50", "ibu": "30", "price": "500.00", "available": true, "created_ad": "2025-07-06T13:27:32.438Z", "update": "2025-07-06T13:27:32.446Z", "category": 1, "brewery": 1}},
  {"model": "shop.product", "pk": 2, "fields": {"name": "Maidstone", "description": "Maidstone - не просто очередной стаут, а прекрасный образчик того, каким должен быть стаут в английском стиле, в меру горьким, с кофейно-шоколадными тонами, не выпирающий, а простой и понятный, но при этом вкусный и насыщенный.", "slug": "maidstone-2", "image": "products/Maidstone.jpeg", "abv": "6.50", "ibu": "30", "price": "500.00", "available": true, "created_ad": "2025-07-06T13:27:32.438Z", "update": "2025-07-06T13:27:32.446Z", "category": 1, "brewery": 1}},
  {"model": "shop.product", "pk": 3, "fields": {"name": "Maidstone", "description": "Maidstone - не просто очередной стаут, а прекрасный образчик того, каким должен быть стаут в английском стиле, в меру горьким, с кофейно-шоколадными тонами, не выпирающий, а простой и понятный, но при этом вкусный и насыщенный.", "slug": "maidstone-3", "image": "products/Maidstone.jpeg", "abv": "6.50", "ibu": "30", "price": "500.00", "available": true, "created_ad": "2025-07-06T13:27:32.438Z", "update": "2025-07-06T13:27:32.446Z", "category": 1, "brewery": 1}},
  {"model": "shop.product", "pk": 4, "fields": {"name": "Maidstone", "description": "Maidstone - не просто очередной стаут, а прекрасный образчик того, каким должен быть стаут в английском стиле, в меру горьким, с кофейно-шоколадными тонами, не выпирающий, а простой и понятный, но при этом вкусный и насыщенный.", "slug": "maidstone-4", "image": "products/Maidstone.jpeg", "abv": "6.50", "ibu": "30", "price": "500.00", "available": true, "created_ad": "2025-07-06T13:27:32.438Z", "update": "2025-07-06T13:27:32.446Z", "category": 1, "brewery": 1}},
  {"model": "shop.product", "pk": 5, "fields": {"name": "Maidstone", "description": "Maidstone - не просто очередной стаут, а прекрасный образчик того, каким должен быть стаут в английском стиле, в меру горьким, с кофейно-шоколадными тонами, не выпирающий, а простой и понятный, но при этом вкусный и насыщенный.", "slug": "maidstone-5", "image": "products/Maidstone.jpeg", "abv": "6.50", "ibu": "30", "price": "500.00", "available": true, "created_ad": "2025-07-06T13:27:32.438Z", "update": "2025-07-06T13:27:32.446Z", "category": 1, "brewery": 1}},
  {"model": "shop.product", "pk": 6, "fields": {"name": "Maidstone", "description": "Maidstone - не просто очередной стаут, а прекрасный образчик того, каким должен быть стаут в английском стиле, в меру горьким, с кофейно-шоколадными тонами, не выпирающий, а простой и понятный, но при этом вкусный и насыщенный.", "slug": "maidstone-6", "image": "products/Maidstone.jpeg", "abv": "6.50", "ibu": "30", "price": "500.00", "available": true, "created_ad": "2025-07-06T13:27:32.438Z", "update": "2025-07-06T13:27:32.446Z", "category": 1, "brewery": 1}},
  {"model": "shop.product", "pk": 7, "fields": {"name": "Maidstone", "description": "Maidstone - не просто очередной стаут, а прекрасный образчик того, каким должен быть стаут в английском стиле, в меру горьким, с кофейно-шоколадными тонами, не выпирающий, а простой и понятный, но при этом вкусный и насыщенный.", "slug": "maidstone-7", "image": "products/Maidstone.jpeg", "abv": "6.50", "ibu": "30", "price": "500.00", "available": true, "created_ad": "2025-07-06T13:27:32.438Z", "update": "2025-07-06T13:27:32.446Z", "category": 1, "brewery": 1}},
  {"model": "shop.product", "pk": 8, "fields": {"name": "Maidstone", "description": "Maidstone - не просто очередной стаут, а прекрасный образчик того, каким должен быть стаут в английском стиле, в меру горьким, с кофейно-шоколадными тонами, не выпирающий, а простой и понятный, но при этом вкусный и насыщенный.", "slug": "maidstone-8", "image": "products/Maidstone.jpeg", "abv": "6.50", "ibu": "30", "price": "500.00", "available": true, "created_ad": "2025-07-06T13:27:32.438Z", "update": "2025-07-06T13:27:32.446Z", "category": 1, "brewery": 1}},
  {"model": "shop.product", "pk": 9, "fields": {"name": "Maidstone", "description": "Maidstone - не просто очередной стаут, а прекрасный образчик того, каким должен быть стаут в английском стиле, в меру горьким, с кофейно-шоколадными тонами, не выпирающий, а простой и понятный, но при этом вкусный и насыщенный.", "slug": "maidstone-9", "image": "products/Maidstone.jpeg", "abv": "6.50", "ibu": "30", "price": "500.00", "available": true, "created_ad": "2025-07-06T13:27:32.438Z", "update": "2025-07-06T13:27:32.446Z", "category": 1, "brewery": 1}},
  {"model": "shop.product", "pk": 10, "fields": {"name": "Maidstone", "description": "Maidstone - не просто очередной стаут, а прекрасный образчик того, каким должен быть стаут в английском стиле, в меру горьким, с кофейно-шоколадными тонами, не выпирающий, а простой и понятный, но при этом вкусный и насыщенный.", "slug": "maidstone-10", "image": "products/Maidstone.jpeg", "abv": "6.50", "ibu": "30", "price": "500.00", "available": true, "created_ad": "2025-07-06T13:27:32.438Z", "update": "2025-07-06T13:27:32.446Z", "category": 1, "brewery": 1}}
]
